matrix_creation_time;vector_creation_time;solve_time;nb_iterations
0.529905796051025;0.0075833797454834;1.93357062339783;8
0.550941228866577;0.0134618282318115;1.49842143058777;6
0.852349281311035;0.0154953002929688;1.50774121284485;6
