matrix_creation_time;vector_creation_time;solve_time;nb_iterations
0.000119686126708984;1.71661376953125e-05;0.000984907150268555;7
3.67164611816406e-05;1.71661376953125e-05;0.000790834426879883;7
3.52859497070312e-05;1.00135803222656e-05;0.000788688659667969;6
