matrix_creation_time;vector_creation_time;solve_time;nb_iterations
0.545525312423706;0.0119218826293945;2.00437259674072;8
0.624690294265747;0.00634765625;1.49209594726562;6
1.45190286636353;0.0269770622253418;1.85976696014404;6
