matrix_creation_time;vector_creation_time;solve_time;nb_iterations
0.0591552257537842;0.000756025314331055;0.146666049957275;7
0.062098503112793;0.000450611114501953;0.126446008682251;6
0.0607917308807373;0.000468969345092773;0.127335071563721;6
