matrix_creation_time;vector_creation_time;solve_time;nb_iterations
0.261962652206421;0.0328052043914795;1.20643353462219;8
0.25060772895813;0.00368475914001465;0.890297889709473;7
0.322074174880981;0.00367379188537598;0.787888526916504;6
