matrix_creation_time;vector_creation_time;solve_time;nb_iterations
0.000274419784545898;5.67436218261719e-05;0.00252318382263184;7
6.93798065185547e-05;2.90870666503906e-05;0.00190472602844238;6
8.22544097900391e-05;2.55107879638672e-05;0.00491046905517578;6
