matrix_creation_time;vector_creation_time;solve_time;nb_iterations
0.289669513702393;0.00323891639709473;0.981292486190796;8
0.240881681442261;0.00504732131958008;0.732478380203247;6
0.266478776931763;0.00324392318725586;0.737206697463989;6
