matrix_creation_time;vector_creation_time;solve_time;nb_iterations
0.0679681301116943;0.00526595115661621;0.132396459579468;7
0.0591921806335449;0.00710153579711914;0.146619081497192;6
0.0576205253601074;0.00277113914489746;0.131850242614746;6
