matrix_creation_time;vector_creation_time;solve_time;nb_iterations
0.22105860710144;0.0409789085388184;1.38301396369934;26
0.186876058578491;0.0375614166259766;1.33799481391907;26
0.179404020309448;0.0374634265899658;1.33152842521667;26
