matrix_creation_time;vector_creation_time;solve_time;nb_iterations
1.99050307273865;0.0407938957214355;10.3431859016418;30
1.69950580596924;0.0407819747924805;9.34355854988098;30
1.69937109947205;0.0432701110839844;9.26320171356201;30
