matrix_creation_time;vector_creation_time;solve_time;nb_iterations
0.00896239280700684;0.000166893005371094;0.038801908493042;9
0.000270843505859375;3.02791595458984e-05;0.00862240791320801;9
0.000244140625;2.14576721191406e-05;0.00853204727172852;9
