matrix_creation_time;vector_creation_time;solve_time;nb_iterations
0.00100207328796387;7.51018524169922e-05;0.00661778450012207;9
0.000345945358276367;5.41210174560547e-05;0.00519561767578125;9
0.000335931777954102;4.57763671875e-05;0.00408482551574707;9
