matrix_creation_time;vector_creation_time;solve_time;nb_iterations
0.123215675354004;0.00788140296936035;1.18153834342957;25
0.154569625854492;0.00614523887634277;1.0198118686676;25
0.141176700592041;0.00336956977844238;0.782004594802856;25
