matrix_creation_time;vector_creation_time;solve_time;nb_iterations
0.00862360000610352;0.000163793563842773;0.0646800994873047;7
0.000590801239013672;3.21865081787109e-05;0.0291364192962646;7
0.00104212760925293;3.02791595458984e-05;0.0282936096191406;7
