matrix_creation_time;vector_creation_time;solve_time;nb_iterations
0.532178163528442;0.0140242576599121;4.90846085548401;27
0.578289985656738;0.0245952606201172;4.36969470977783;27
0.53238320350647;0.0144126415252686;4.32931017875671;27
