matrix_creation_time;vector_creation_time;solve_time;nb_iterations
0.864786386489868;0.168671369552612;1.80594110488892;14
0.78893780708313;0.157752513885498;1.76920461654663;14
0.782861471176147;0.146383762359619;1.77365064620972;14
