matrix_creation_time;vector_creation_time;solve_time;nb_iterations
0.110618829727173;0.00386810302734375;0.770153045654297;24
0.10818886756897;0.0040438175201416;0.794782161712646;24
0.108419418334961;0.00409269332885742;0.767491579055786;24
