matrix_creation_time;vector_creation_time;solve_time;nb_iterations
0.214119672775269;0.0395855903625488;0.412915706634521;12
0.188350200653076;0.0375452041625977;0.382606267929077;12
0.188351154327393;0.0374853610992432;0.383274555206299;12
