matrix_creation_time;vector_creation_time;solve_time;nb_iterations
0.581871032714844;0.016136646270752;4.47397112846375;29
0.576345205307007;0.0162367820739746;4.48026037216187;29
0.578137397766113;0.0163044929504395;4.53615784645081;29
