matrix_creation_time;vector_creation_time;solve_time;nb_iterations
1.42589235305786;0.06343674659729;10.8165647983551;29
1.40830254554749;0.0360581874847412;9.62283897399902;29
1.5693027973175;0.0443952083587646;10.3835434913635;29
