matrix_creation_time;vector_creation_time;solve_time;nb_iterations
0.00210475921630859;0.00115227699279785;0.015268087387085;8
0.000904560089111328;0.000154495239257812;0.0107307434082031;8
0.000951766967773438;0.000163793563842773;0.0103483200073242;8
