matrix_creation_time;vector_creation_time;solve_time;nb_iterations
0.0604982376098633;0.00186944007873535;0.148181676864624;7
0.0531318187713623;0.00118923187255859;0.126632452011108;6
0.0563108921051025;0.000674009323120117;0.126588582992554;6
