matrix_creation_time;vector_creation_time;solve_time;nb_iterations
0.258683681488037;0.00710940361022949;1.08435106277466;8
0.334978103637695;0.0518057346343994;2.80945897102356;7
0.638591289520264;0.00467228889465332;0.688316345214844;6
