matrix_creation_time;vector_creation_time;solve_time;nb_iterations
0.587570428848267;0.0140197277069092;1.93633055686951;8
0.617214202880859;0.0135068893432617;1.49891948699951;6
1.17219805717468;0.021536111831665;1.62944030761719;6
