matrix_creation_time;vector_creation_time;solve_time;nb_iterations
0.000319480895996094;6.866455078125e-05;0.00257182121276855;7
8.03470611572266e-05;6.4849853515625e-05;0.00209903717041016;6
7.62939453125e-05;3.26633453369141e-05;0.00208258628845215;6
