matrix_creation_time;vector_creation_time;solve_time;nb_iterations
0.0722525119781494;0.0104901790618896;0.15509557723999;7
0.0621917247772217;0.00118660926818848;0.121867656707764;6
0.0544145107269287;0.0159013271331787;0.1175217628479;6
