matrix_creation_time;vector_creation_time;solve_time;nb_iterations
0.552817583084106;0.0265097618103027;1.92774558067322;8
0.615834712982178;0.00754070281982422;1.4748637676239;6
0.91023588180542;0.0334465503692627;1.55179405212402;6
