matrix_creation_time;vector_creation_time;solve_time;nb_iterations
0.244738101959229;0.00274467468261719;0.964763164520264;8
0.252367734909058;0.00277924537658691;0.750241756439209;6
0.257881641387939;0.00275301933288574;0.752410888671875;6
