matrix_creation_time;vector_creation_time;solve_time;nb_iterations
0.000115394592285156;2.93254852294922e-05;0.00103616714477539;7
4.50611114501953e-05;2.86102294921875e-05;0.000771045684814453;7
3.67164611816406e-05;1.31130218505859e-05;0.000649213790893555;6
