matrix_creation_time;vector_creation_time;solve_time;nb_iterations
1.64915800094604;0.0500736236572266;9.00528120994568;29
1.51741290092468;0.040062427520752;10.1108181476593;29
5.20692133903503;0.217616081237793;9.88072729110718;29
