matrix_creation_time;vector_creation_time;solve_time;nb_iterations
0.528448343276978;0.0309100151062012;4.33922696113586;27
0.630667209625244;0.0452463626861572;4.75548934936523;27
0.587178707122803;0.0165362358093262;4.41334319114685;27
