matrix_creation_time;vector_creation_time;solve_time;nb_iterations
0.897026300430298;0.179065227508545;1.81854271888733;14
0.798807621002197;0.160710334777832;1.7723708152771;14
0.807281255722046;0.155272245407104;1.77154159545898;14
