matrix_creation_time;vector_creation_time;solve_time;nb_iterations
0.227484226226807;0.0347206592559814;0.443397283554077;12
0.186381816864014;0.0355598926544189;0.379930257797241;12
0.183210134506226;0.0359375476837158;0.380936145782471;12
