matrix_creation_time;vector_creation_time;solve_time;nb_iterations
0.00887680053710938;0.000161409378051758;0.158716917037964;9
0.000356197357177734;3.38554382324219e-05;0.00996613502502441;9
0.000238180160522461;2.288818359375e-05;0.00876188278198242;9
