matrix_creation_time;vector_creation_time;solve_time;nb_iterations
0.00168609619140625;0.00111150741577148;0.0136525630950928;8
0.000931024551391602;0.000138044357299805;0.00910329818725586;8
0.00086212158203125;0.000137805938720703;0.0102391242980957;8
