matrix_creation_time;vector_creation_time;solve_time;nb_iterations
0.581924200057983;0.0159087181091309;4.51448035240173;29
0.580993890762329;0.016981840133667;4.53183674812317;29
0.578302383422852;0.0172688961029053;4.5183527469635;29
