matrix_creation_time;vector_creation_time;solve_time;nb_iterations
0.232331037521362;0.0347740650177002;1.38730263710022;26
0.188650608062744;0.0368027687072754;1.33181428909302;26
0.178064584732056;0.0365569591522217;1.34217691421509;26
