matrix_creation_time;vector_creation_time;solve_time;nb_iterations
1.73466110229492;0.0398974418640137;9.23302674293518;30
1.69242024421692;0.0392465591430664;9.20500326156616;30
1.7198178768158;0.0408554077148438;9.22413659095764;30
