matrix_creation_time;vector_creation_time;solve_time;nb_iterations
0.113044738769531;0.0037238597869873;0.78281569480896;24
0.108849048614502;0.00390720367431641;0.778955221176147;24
0.110941648483276;0.00376534461975098;0.773170471191406;24
