matrix_creation_time;vector_creation_time;solve_time;nb_iterations
0.106568574905396;0.00343227386474609;0.799917221069336;25
0.102840900421143;0.00342774391174316;0.81682562828064;25
0.104013442993164;0.00335574150085449;0.816173791885376;25
