matrix_creation_time;vector_creation_time;solve_time;nb_iterations
0.0545692443847656;0.00101304054260254;0.308001041412354;7
0.000390768051147461;3.17096710205078e-05;0.0279927253723145;7
0.00104498863220215;3.26633453369141e-05;0.0280940532684326;7
