matrix_creation_time;vector_creation_time;solve_time;nb_iterations
0.00150966644287109;8.10623168945312e-05;0.00713038444519043;9
0.000344753265380859;4.52995300292969e-05;0.00528502464294434;9
0.000339031219482422;4.81605529785156e-05;0.00395035743713379;9
