matrix_creation_time;vector_creation_time;solve_time;nb_iterations
0.0557758808135986;0.00248599052429199;0.148891448974609;7
0.0573792457580566;0.000867843627929688;0.129882097244263;6
0.0576484203338623;0.00135207176208496;0.128765106201172;6
