matrix_creation_time;vector_creation_time;solve_time;nb_iterations
0.642687320709229;0.0788593292236328;2.10281443595886;8
0.532719373703003;0.00838017463684082;1.45122408866882;6
0.830806493759155;0.0164179801940918;1.51502871513367;6
