matrix_creation_time;vector_creation_time;solve_time;nb_iterations
0.228891611099243;0.00498533248901367;0.917776823043823;8
0.238280773162842;0.00310063362121582;0.821489810943604;7
0.235663414001465;0.00313830375671387;0.830518484115601;6
