matrix_creation_time;vector_creation_time;solve_time;nb_iterations
0.000349044799804688;9.89437103271484e-05;0.00279784202575684;7
9.48905944824219e-05;3.91006469726562e-05;0.00220370292663574;6
9.94205474853516e-05;3.52859497070312e-05;0.00213098526000977;6
