matrix_creation_time;vector_creation_time;solve_time;nb_iterations
0.598253965377808;0.00709056854248047;1.94278931617737;8
0.611991882324219;0.00731277465820312;1.49906826019287;6
1.20729327201843;0.0068974494934082;1.5199339389801;6
