matrix_creation_time;vector_creation_time;solve_time;nb_iterations
0.0710198879241943;0.00132608413696289;0.198868751525879;7
0.0875785350799561;0.00143170356750488;0.15954852104187;6
0.0534868240356445;0.00104832649230957;0.129350423812866;6
