matrix_creation_time;vector_creation_time;solve_time;nb_iterations
0.219238996505737;0.00332379341125488;0.969030857086182;8
0.224820613861084;0.00328707695007324;0.748924016952515;6
0.227736473083496;0.00330901145935059;0.745512723922729;6
