matrix_creation_time;vector_creation_time;solve_time;nb_iterations
0.000318765640258789;4.52995300292969e-05;0.000919818878173828;7
3.79085540771484e-05;1.54972076416016e-05;0.000744104385375977;7
3.4332275390625e-05;1.07288360595703e-05;0.000639677047729492;6
