matrix_creation_time;vector_creation_time;solve_time;nb_iterations
0.00178837776184082;0.00124573707580566;0.00804972648620605;8
0.000474691390991211;7.31945037841797e-05;0.0196700096130371;8
0.000402927398681641;7.41481781005859e-05;0.00472736358642578;8
