matrix_creation_time;vector_creation_time;solve_time;nb_iterations
1.75851798057556;0.0730047225952148;9.68378567695618;30
1.68710660934448;0.0376286506652832;9.09538245201111;30
1.66731715202332;0.0384182929992676;9.16089534759521;30
