matrix_creation_time;vector_creation_time;solve_time;nb_iterations
0.179936408996582;0.00867080688476562;1.19824600219727;25
0.126024723052979;0.0034797191619873;0.950404405593872;25
0.169644117355347;0.00589656829833984;0.953763961791992;25
