matrix_creation_time;vector_creation_time;solve_time;nb_iterations
0.00296401977539062;8.86917114257812e-05;0.00682926177978516;9
0.000323772430419922;4.29153442382812e-05;0.00402593612670898;9
0.000329256057739258;4.86373901367188e-05;0.00386738777160645;9
