matrix_creation_time;vector_creation_time;solve_time;nb_iterations
0.53292989730835;0.0164923667907715;4.57858085632324;27
0.534231901168823;0.016855001449585;4.2986912727356;27
0.523550748825073;0.0136258602142334;4.31397271156311;27
