matrix_creation_time;vector_creation_time;solve_time;nb_iterations
0.0762019157409668;0.0011296272277832;0.471335649490356;7
0.000600337982177734;3.12328338623047e-05;0.0276541709899902;7
0.00104689598083496;2.45571136474609e-05;0.0278949737548828;7
