matrix_creation_time;vector_creation_time;solve_time;nb_iterations
0.217768669128418;0.037322998046875;1.41866397857666;26
0.188992261886597;0.0377810001373291;1.34203362464905;26
0.180644512176514;0.0377540588378906;1.33847045898438;26
