matrix_creation_time;vector_creation_time;solve_time;nb_iterations
0.11384129524231;0.00381135940551758;0.794818639755249;24
0.107298612594604;0.00368595123291016;0.763703346252441;24
0.10838508605957;0.00378656387329102;0.769333600997925;24
