matrix_creation_time;vector_creation_time;solve_time;nb_iterations
0.863077878952026;0.163152933120728;1.84245467185974;14
0.804617643356323;0.165395259857178;1.77161169052124;14
0.805194139480591;0.151774168014526;1.77666449546814;14
