matrix_creation_time;vector_creation_time;solve_time;nb_iterations
0.572859048843384;0.0322728157043457;4.46927762031555;29
0.571705341339111;0.0247950553894043;4.4886486530304;29
0.572505950927734;0.0156230926513672;4.49678993225098;29
