matrix_creation_time;vector_creation_time;solve_time;nb_iterations
0.224759817123413;0.0408990383148193;0.487727880477905;12
0.190507650375366;0.0377132892608643;0.383634328842163;12
0.190343618392944;0.0370168685913086;0.382068872451782;12
