matrix_creation_time;vector_creation_time;solve_time;nb_iterations
0.0101344585418701;0.000203371047973633;0.272450923919678;9
0.000284194946289062;2.59876251220703e-05;0.00867986679077148;9
0.000233888626098633;2.21729278564453e-05;0.00846576690673828;9
