matrix_creation_time;vector_creation_time;solve_time;nb_iterations
1.46471309661865;0.0740103721618652;13.4702200889587;29
1.41520643234253;0.071709156036377;9.49208402633667;29
1.38346648216248;0.0365521907806396;10.2458109855652;29
